Workbook

Sheet Nacenění
A1: Celkem vývoj | B1: =SUM('WBS - vývoj'!K2:K5000) -> 79.72
A2: Celkem operativní činnosti | B2: =SUM('WBS - operativní činnosti'!E2:E197) -> 20
A3: Celkem | B3: =SUM(B1:B2) -> 99.72

Sheet WBS - operativní činnosti
A1: Název úkolu | B1: INITIATIVE | C1: EPIC | D1: RM ID | E1: Odhad | F1: Popis
A2: Projektové řízení vývoj | B2: Režie | C2: Projektové řízení
A3: Pravidelné statusy s vývojáři FE | B3: Režie | C3: Projektové řízení
A4: Pravidelné statusy s vývojáři BE | B4: Režie | C4: Projektové řízení
A5: Synchronizace se vzorovým řešením | B5: Režie | C5: Technické vylepšení projektu
A6: Zprovozňování projektu vývojáři | B6: Režie | C6: Spouštění projektu
A7: Rezerva | C7: Rezerva
A8: Dokumentace | C8: Dokumentace
A9: Vytvoření storybooku pro React komponenty | C9: Dokumentace
A10: Školení zákazníka | C10: Školení zákazníka
A11: Testování projektu | B11: Testování projektu | C11: Manuální testování
A12: Analýza dle WF, specifikace | B12: Inicializace | C12: Inicializace projektu
A13: Vytvoření WBS | B13: Inicializace | C13: Inicializace projektu
A14: Úvodní technické a procesní nastavení projektu (zprovozňování projektu) | B14: Inicializace | C14: Inicializace projektu
A15: Nastavení admin rozhraní (včetně odebrání funkcionalit, které nejsou ve specce | B15: Inicializace | C15: Nastavení admin rozhraní
A16: Příprava admin rolí | B16: Inicializace | C16: Nastavení admin rozhraní
A17: Nastylování aplikace - admin | B17: Inicializace | C17: Nastavení admin rozhraní
A18: Úprava menu v adminu (odebrání nepotřebných položek) | B18: Inicializace | C18: Nastavení admin rozhraní
A19: Příprava produkčního prostředí | C19: Spuštění projektu do produkce
A20: Proces spuštění projektu (XY lidí v kanceláři přes noc) | C20: Spuštění projektu do produkce
A21: Hypercare - ladění projektu po spuštění ze strany vývoje | C21: Poprojektové aktivity
A22: Migrace dat | C22: Migrace dat | D22: 52038 | E22: 20 | F22: migrace - etapa 1
A23: Performance optimalizace | C23: Performance optimalizace
A24: Automatické testy - e2e Cypress | B24: Testování projektu | C24: Automatické testování
A25: Automatické testy - unit testy | B25: Testování projektu | C25: Automatické testování

Sheet WBS - vývoj
A1: Název úkolu | B1: INITIATIVE | C1: EPIC | D1: RM ID | E1: Komplexita / riziko | F1: Odhad vývojář (h) | G1: Režie na vývoj (h) | H1: Režie na dodání úpravy (h) | I1: Odhad vývojář (h) | J1: Odhad celkem (h) | K1: Odhad celkem final (h) | L1: Popis | M1: Akceptační kritéria
A2: Pagination - pushování nových stránek při scrollování směrem dolů - TRAM | BUS | B2: Zobrazení obsazenosti v produkci | C2: TRAM | BUS - fetchování dat, infinite scroll a spojená logika | D2: 52033 | E2: velmi komplexní | F2: 6 | G2: =F2*SUM('Konfigurace režií na úkolech'!$B$2:$B$4)/100 -> 0.03 | H2: =F2*SUM('Konfigurace režií na úkolech'!$E$2:$E$10)/100 -> 1.944 | I2: =IF(OR(F2="",E2="",H2=""), "", ((F2+G2)*VLOOKUP(E2, 'Konfigurace komplexity'!$A$2:$B$5, 2, FALSE))) -> 6.03 | J2: =IF(OR(F2="",E2="",H2=""), "", ((F2+G2+H2)*VLOOKUP(E2, 'Konfigurace komplexity'!$A$2:$B$5, 2, FALSE))) -> 7.974 | K2: 9
A3: Invalidace a přenačtení dat na pozadí pro TRAM | BUS | B3: Zobrazení obsazenosti v produkci | C3: TRAM | BUS - fetchování dat, infinite scroll a spojená logika | D3: 52034 | E3: vysoká | F3: 10 | H3: =F3*SUM('Konfigurace režií na úkolech'!$E$2:$E$10)/100 -> 3.24 | J3: =IF(OR(F3="",E3="",H3=""), "", ((F3+H3)*VLOOKUP(E3, 'Konfigurace komplexity'!$A$2:$B$5, 2, FALSE))) -> 13.24 | K3: =J3 -> 13.24
A4: Fetchování dat TRAM | BUS - Napojení první stránky pagination na BE (napojení na API) | B4: Zobrazení obsazenosti v produkci | C4: TRAM | BUS - fetchování dat, infinite scroll a spojená logika | D4: 52035 | E4: standardní | F4: 8 | H4: =F4*SUM('Konfigurace režií na úkolech'!$E$2:$E$10)/100 -> 2.592 | J4: =IF(OR(F4="",E4="",H4=""), "", (F4*VLOOKUP(E4, 'Konfigurace komplexity'!$A$2:$B$5, 2, FALSE))+H4) -> 10.592 | K4: 11
A5: DB struktura - Firmy: Bonusové smlouvy | B5: CRM | C5: DB struktura | D5: 52036 | E5: velmi komplexní | F5: 12 | H5: =F5*SUM('Konfigurace režií na úkolech'!$E$2:$E$10)/100 -> 3.888 | J5: =IF(OR(F5="",E5="",H5=""), "", (F5*VLOOKUP(E5, 'Konfigurace komplexity'!$A$2:$B$5, 2, FALSE))+H5) -> 15.888 | K5: 20
A6: DB struktura - Firmy: Bonusové smlouvy: Skupiny | B6: CRM | C6: DB struktura | D6: 52036 | E6: standardní | F6: 16 | H6: =F6*SUM('Konfigurace režií na úkolech'!$E$2:$E$10)/100 -> 5.184 | J6: =IF(OR(F6="",E6="",H6=""), "", (F6*VLOOKUP(E6, 'Konfigurace komplexity'!$A$2:$B$5, 2, FALSE))+H6) -> 21.184 | K6: =J6 -> 21.184
A7: Detail příležitosti [rozšíření] | B7: CRM | C7: Příležitosti | D7: 52037 | E7: riziková | F7: 4 | H7: =F7*SUM('Konfigurace režií na úkolech'!$E$2:$E$10)/100 -> 1.296 | J7: =IF(OR(F7="",E7="",H7=""), "", (F7*VLOOKUP(E7, 'Konfigurace komplexity'!$A$2:$B$5, 2, FALSE))+H7) -> 5.296 | K7: =J7 -> 5.296
E8: standardní | H8: =F8*SUM('Konfigurace režií na úkolech'!$E$2:$E$10)/100 -> 0 | J8: =IF(OR(F8="",E8="",H8=""), "", (F8*VLOOKUP(E8, 'Konfigurace komplexity'!$A$2:$B$5, 2, FALSE))+H8)
E9: standardní | H9: =F9*SUM('Konfigurace režií na úkolech'!$E$2:$E$10)/100 -> 0 | J9: =IF(OR(F9="",E9="",H9=""), "", (F9*VLOOKUP(E9, 'Konfigurace komplexity'!$A$2:$B$5, 2, FALSE))+H9)
E10: standardní | H10: =F10*SUM('Konfigurace režií na úkolech'!$E$2:$E$10)/100 -> 0 | J10: =IF(OR(F10="",E10="",H10=""), "", (F10*VLOOKUP(E10, 'Konfigurace komplexity'!$A$2:$B$5, 2, FALSE))+H10)
E11: standardní | H11: =F11*SUM('Konfigurace režií na úkolech'!$E$2:$E$10)/100 -> 0 | J11: =IF(OR(F11="",E11="",H11=""), "", (F11*VLOOKUP(E11, 'Konfigurace komplexity'!$A$2:$B$5, 2, FALSE))+H11)
E12: standardní | H12: =F12*SUM('Konfigurace režií na úkolech'!$E$2:$E$10)/100 -> 0 | J12: =IF(OR(F12="",E12="",H12=""), "", (F12*VLOOKUP(E12, 'Konfigurace komplexity'!$A$2:$B$5, 2, FALSE))+H12)
E13: standardní | H13: =F13*SUM('Konfigurace režií na úkolech'!$E$2:$E$10)/100 -> 0 | J13: =IF(OR(F13="",E13="",H13=""), "", (F13*VLOOKUP(E13, 'Konfigurace komplexity'!$A$2:$B$5, 2, FALSE))+H13)
E14: standardní | H14: =F14*SUM('Konfigurace režií na úkolech'!$E$2:$E$10)/100 -> 0 | J14: =IF(OR(F14="",E14="",H14=""), "", (F14*VLOOKUP(E14, 'Konfigurace komplexity'!$A$2:$B$5, 2, FALSE))+H14)
E15: standardní | H15: =F15*SUM('Konfigurace režií na úkolech'!$E$2:$E$10)/100 -> 0 | J15: =IF(OR(F15="",E15="",H15=""), "", (F15*VLOOKUP(E15, 'Konfigurace komplexity'!$A$2:$B$5, 2, FALSE))+H15)
E16: standardní | H16: =F16*SUM('Konfigurace režií na úkolech'!$E$2:$E$10)/100 -> 0 | J16: =IF(OR(F16="",E16="",H16=""), "", (F16*VLOOKUP(E16, 'Konfigurace komplexity'!$A$2:$B$5, 2, FALSE))+H16)
E17: standardní | H17: =F17*SUM('Konfigurace režií na úkolech'!$E$2:$E$10)/100 -> 0 | J17: =IF(OR(F17="",E17="",H17=""), "", (F17*VLOOKUP(E17, 'Konfigurace komplexity'!$A$2:$B$5, 2, FALSE))+H17)
E18: standardní | H18: =F18*SUM('Konfigurace režií na úkolech'!$E$2:$E$10)/100 -> 0 | J18: =IF(OR(F18="",E18="",H18=""), "", (F18*VLOOKUP(E18, 'Konfigurace komplexity'!$A$2:$B$5, 2, FALSE))+H18)
E19: standardní | H19: =F19*SUM('Konfigurace režií na úkolech'!$E$2:$E$10)/100 -> 0 | J19: =IF(OR(F19="",E19="",H19=""), "", (F19*VLOOKUP(E19, 'Konfigurace komplexity'!$A$2:$B$5, 2, FALSE))+H19)
... E100: standardní | H100: =F100*SUM('Konfigurace režií na úkolech'!$E$2:$E$10)/100 -> 0 | J100: =IF(OR(F100="",E100="",H100=""), "", (F100*VLOOKUP(E100, 'Konfigurace komplexity'!$A$2:$B$5, 2, FALSE))+H100)

Sheet Konfigurace režií na úkolech
A1: Vývoj úkolu | B1: Procentuální přídavek (%) | D1: Dodání úkolu - režie | E1: Procentuální přídavek (%)
A2: Tech. analýza + sepsání checklistu AC | B2: 0.5 | D2: Tech. analýza a zadání úkolů | E2: 3.6
A3: Vývoj | B3: 0 | D3: Code review | E3: 3.6
A4: Testování úpravy podle AC | B4: 0 | D4: Deploy staging | E4: 3.6
D5: Deploy production | E5: 3.6
D6: Vývojářské režie, komunikace mezi vývojáři | E6: 3.6
D7: Manuální testování ze strany LD | E7: 3.6
D8: Fixy (po review / feedback od klienta) | E8: 3.6
D9: Komunikace se 3. stranami nebo dodavateli | E9: 3.6
D10: Rezerva na neočekávané události | E10: 3.6
D11: Režie spojené s mergováním | E11: 3.6

Sheet Konfigurace komplexity
A1: Komplexita | B1: Koeficient
A2: standardní | B2: 1
A3: vysoká | B3: 1
A4: velmi komplexní | B4: 1
A5: riziková | B5: 1
